time,region,number,spatial_ref,T,LOAD,population,height,T.historical.ukesm1_0_ll,T.historical.mpi_esm1_2_lr,T.historical.hadgem3_gc31_ll,T.historical.ipsl_cm6a_lr,T.ssp126.hadgem3_gc31_ll,T.ssp126.mpi_esm1_2_lr,T.ssp126.ipsl_cm6a_lr,T.ssp126.ukesm1_0_ll,T.ssp585.ipsl_cm6a_lr,T.ssp585.ukesm1_0_ll,T.ssp585.hadgem3_gc31_ll,T.ssp585.mpi_esm1_2_lr
1990-12-31,ALL_US,0,0,272.20386,2886496.0,246444701.0,1.5,270.3279685222034,272.6696626872663,273.34192251275846,271.6354856273173,,,,,,,,
1991-01-31,ALL_US,0,0,271.37045,2894741.030069956,246681528.0072692,1.5,271.1933511924028,272.5791977341082,267.4691032569564,270.0201568351359,,,,,,,,
1991-02-28,ALL_US,0,0,277.24652,2901620.2923198994,246904802.8081057,1.5,271.35136241977006,272.3789156109412,270.389448173584,270.54560960064646,,,,,,,,
1991-03-31,ALL_US,0,0,279.3044,2908607.9143748195,247162370.00268877,1.5,275.2292715470224,274.81012816643147,278.15573890819144,276.11928708829413,,,,,,,,
1991-04-30,ALL_US,0,0,284.57156,2914741.0815172205,247422004.34156486,1.5,282.4430098889085,281.62132267144335,284.25187087335337,282.2280423590553,,,,,,,,
1991-05-31,ALL_US,0,0,289.7759,2920428.671556595,247701014.78065896,1.5,286.2735026644926,288.9109374402323,289.3716324337223,285.32138098727665,,,,,,,,
1991-06-30,ALL_US,0,0,293.92133,2925303.7432000814,247981400.64648116,1.5,294.08707849477815,293.1967421512914,294.0943986135791,290.28608237174,,,,,,,,
1991-07-31,ALL_US,0,0,296.55276,2929691.30122391,248276027.97344682,1.5,297.2363127117409,295.7986452455393,297.1462670144245,294.84710839826994,,,,,,,,
1991-08-31,ALL_US,0,0,296.06775,2933418.18723984,248568699.88816413,1.5,296.78909951672125,295.9758388139223,295.8774793690965,295.5315695066649,,,,,,,,
1991-09-30,ALL_US,0,0,291.46646,2936395.8033767655,248850054.61768627,1.5,292.4782025103863,291.57364455344134,292.39586113691877,291.12815683934673,,,,,,,,
1991-10-31,ALL_US,0,0,285.80377,2938822.65737715,249138849.14398137,1.5,287.1874805074803,285.1847181543281,286.9131814072294,284.36486589556955,,,,,,,,
1991-11-30,ALL_US,0,0,277.08,2940542.178015161,249416451.56212708,1.5,276.89402476511736,277.08457028509025,277.60900077195646,277.23253902724355,,,,,,,,
1991-12-31,ALL_US,0,0,274.78326,2941669.0000000005,249701368.69999996,1.5,271.6292217216923,273.2585600445068,270.6843814429132,271.2833655571413,,,,,,,,
1992-01-31,ALL_US,0,0,273.67706,2942135.1499769394,249984315.36178935,1.5,270.31688354862604,272.3729653271215,271.8877905510158,269.0469078737354,,,,,,,,
1992-02-29,ALL_US,0,0,277.10724,2941973.1147869234,250247223.51450115,1.5,269.3454145274719,274.45275124079905,275.95646924632825,273.0254411038719,,,,,,,,
1992-03-31,ALL_US,0,0,280.06375,2941160.5447485717,250526356.351613,1.5,275.0741517858633,277.0712049841331,276.66599022911356,277.3086063730027,,,,,,,,
1992-04-30,ALL_US,0,0,284.56567,2939745.1388974837,250794608.74796847,1.5,280.22478270496083,283.04128347517906,281.6544276053503,283.1181828050317,,,,,,,,
1992-05-31,ALL_US,0,0,289.4724,2937632.5368435867,251069864.19665802,1.5,285.7938986695647,288.1269766866693,289.09870319881696,287.02524961180677,,,,,,,,
1992-06-30,ALL_US,0,0,293.0413,2934959.035493584,251334364.2816371,1.5,289.8092430301464,292.1226424175104,292.6918246984779,291.6307717230744,,,,,,,,
1992-07-31,ALL_US,0,0,294.93195,2932564.5046777446,251606864.99870792,1.5,295.8048017911734,296.0409188352783,297.2405662385519,295.5090621894229,,,,,,,,
1992-08-31,ALL_US,0,0,294.3378,2931682.3866875283,251879791.48827258,1.5,296.88691619457626,294.41993901999155,295.22468726306266,295.4815595900349,,,,,,,,
1992-09-30,ALL_US,0,0,291.39197,2932269.8196492204,252144320.47734106,1.5,291.497798088082,289.9924389294671,292.45878885369814,290.4249734238275,,,,,,,,
1992-10-31,ALL_US,0,0,285.64966,2934365.965760265,252418087.2318512,1.5,284.28057314829374,284.035824644463,284.9369976264904,282.2576047668946,,,,,,,,
1992-11-30,ALL_US,0,0,277.3957,2937835.5897876937,252683429.38054436,1.5,274.16941596249507,277.3408968068256,278.78616818525506,276.8469290843354,,,,,,,,
1992-12-31,ALL_US,0,0,272.707,2942910.0,252958036.39999998,1.5,267.73352073491253,271.347181092001,271.0691573794205,270.7916180349837,,,,,,,,
1993-01-31,ALL_US,0,0,271.85077,2949497.9542637668,253233070.4393459,1.5,270.82026984284175,272.0506965980154,266.36144386268575,270.42290844820934,,,,,,,,
1993-02-28,ALL_US,0,0,272.2834,2956749.287965595,253481855.3140407,1.5,270.04480146553715,273.1470010967695,270.50418335213465,271.434580358855,,,,,,,,
1993-03-31,ALL_US,0,0,278.35553,2966217.8583273026,253757702.06866172,1.5,273.09438691355183,276.11526966601633,274.30456764964055,275.42151768018124,,,,,,,,
1993-04-30,ALL_US,0,0,283.12994,2976822.086468275,254025057.12068796,1.5,281.2725226674723,281.39665902991595,283.63137350528655,280.2212076248027,,,,,,,,
1993-05-31,ALL_US,0,0,289.328,2989268.920931245,254301744.14025453,1.5,287.3537473379882,288.52043923527395,286.7319501089973,285.6562671193213,,,,,,,,
1993-06-30,ALL_US,0,0,292.86728,3002755.340137955,254569912.35190544,1.5,292.09552805651737,292.18691062921516,293.18645796535986,291.15277556793734,,,,,,,,
1993-07-31,ALL_US,0,0,295.54715,3017052.2782685524,254847211.75112924,1.5,294.42728648121323,295.2809988784291,297.46383957760173,294.5464079569627,,,,,,,,
1993-08-31,ALL_US,0,0,295.35806,3030374.066405834,255124435.46092778,1.5,295.1859434344882,295.4683978151032,296.2552413185717,295.15724344772906,,,,,,,,
1993-09-30,ALL_US,0,0,290.66235,3042334.869564212,255392643.84300926,1.5,290.303616017655,291.0655317711949,292.4111525722851,290.427569568913,,,,,,,,
1993-10-31,ALL_US,0,0,284.77692,3053732.07462091,255669717.4561791,1.5,286.25592510173715,283.10058267686594,284.26627503137513,283.8909835986008,,,,,,,,
1993-11-30,ALL_US,0,0,277.00998,3063830.3780238843,255937780.5834587,1.5,278.3551704358919,276.05137580198357,278.33848527717583,276.7830577075754,,,,,,,,
1993-12-31,ALL_US,0,0,274.1221,3073303.0,256214704.1,1.5,270.2663953464549,273.01386739899414,272.49898370194904,270.72338718809533,,,,,,,,
1994-01-31,ALL_US,0,0,271.36404,3081797.5551646715,256491551.33792672,1.5,268.15818420353514,273.0289529499317,268.01934049819477,267.57981187787504,,,,,,,,
1994-02-28,ALL_US,0,0,272.6606,3088629.3873152253,256741541.34457064,1.5,271.65861375692924,273.53228929572356,274.52403740911967,272.10454536054226,,,,,,,,
1994-03-31,ALL_US,0,0,279.89548,3095262.4604839226,257018243.4070697,1.5,277.8803878109509,278.6656107565306,278.07535161564596,273.83069042992366,,,,,,,,
1994-04-30,ALL_US,0,0,284.67618,3100750.313672703,257285946.969184,1.5,283.0919201335439,283.53699703967965,282.41696788787203,279.09732201936686,,,,,,,,
1994-05-31,ALL_US,0,0,289.3088,3105458.8037608187,257562498.9350545,1.5,287.8414351675679,289.2626223107761,287.60213606030425,287.4506007881106,,,,,,,,
1994-06-30,ALL_US,0,0,295.00665,3109084.157194196,257830057.2423669,1.5,293.24000278528166,293.67137476325564,293.6103851100635,291.50408782012653,,,,,,,,
1994-07-31,ALL_US,0,0,296.56436,3112577.563447851,258106507.52794102,1.5,296.61474155539594,296.4183639666959,296.8949894692854,295.1516579106274,,,,,,,,
1994-08-31,ALL_US,0,0,295.85538,3116658.0406984463,258382988.3401333,1.5,297.6390670569118,296.9506127689541,297.2164276256635,295.2538934971193,,,,,,,,
1994-09-30,ALL_US,0,0,292.07617,3121167.6060129865,258650579.60104176,1.5,291.60650209438165,291.2633156887589,293.35772056746436,290.68519794605754,,,,,,,,
1994-10-31,ALL_US,0,0,285.53207,3126406.8970791083,258927120.72806028,1.5,286.15536951788704,286.8723292746885,285.9164557757868,285.50111250911215,,,,,,,,
1994-11-30,ALL_US,0,0,278.80505,3132037.895118352,259194770.35815534,1.5,277.57819222969,278.9553640100866,276.2385871959842,276.25979933801136,,,,,,,,
1994-12-31,ALL_US,0,0,275.11978,3138436.0,259471371.8,1.5,269.91216597725406,274.24142520882225,272.21804279639554,272.58109354819885,,,,,,,,
1995-01-31,ALL_US,0,0,273.37512,3145423.0102633103,259748003.89364156,1.5,268.2850893671564,270.2279848242655,266.23080413442375,272.4865521155736,,,,,,,,
1995-02-28,ALL_US,0,0,275.87015,3152240.0349811087,259997891.48538464,1.5,269.7282746840884,273.6178272480793,268.3737055420276,272.0345482047047,,,,,,,,
1995-03-31,ALL_US,0,0,279.20428,3160347.865164354,260274581.91631705,1.5,277.34420915888677,279.81463525141584,277.5834500338727,276.1194774399675,,,,,,,,
1995-04-30,ALL_US,0,0,282.73575,3168754.868800814,260542376.03407082,1.5,282.03788963281784,283.589680504394,284.3989993338311,279.6702208259767,,,,,,,,
1995-05-31,ALL_US,0,0,287.91364,3178021.512799586,260819126.77982947,1.5,288.61675908394704,288.3233189905855,289.71328001060573,287.7795879640368,,,,,,,,
1995-06-30,ALL_US,0,0,293.03372,3187549.9491607486,261086979.26676977,1.5,293.32324587232233,293.64192543076996,294.25467505768097,291.54640179722406,,,,,,,,
1995-07-31,ALL_US,0,0,296.48157,3197705.760425089,261363727.71464926,1.5,297.15881996400157,296.6606421035412,296.8942437360962,294.92369325108115,,,,,,,,
1995-08-31,ALL_US,0,0,296.89688,3207855.643443648,261640368.69224477,1.5,298.72791959096196,296.7091502293605,295.73760315175724,295.32536132438395,,,,,,,,
1995-09-30,ALL_US,0,0,291.50824,3217671.802610826,261907983.28717834,1.5,291.995940735716,292.803921265344,292.8465539694353,291.02006952667057,,,,,,,,
1995-10-31,ALL_US,0,0,285.67914,3227808.648537769,262184412.4724455,1.5,285.66925026404084,284.1369983187702,285.96795290904106,284.2698416485353,,,,,,,,
1995-11-30,ALL_US,0,0,278.58075,3237612.191164673,262451822.10706118,1.5,279.4194541528396,277.4841309505467,277.791881620419,277.5036883090331,,,,,,,,
1995-12-31,ALL_US,0,0,273.65833,3247736.0,262728039.5,1.5,274.2952220999632,269.9934131640174,272.2919489271426,273.28437373570523,,,,,,,,
1996-01-31,ALL_US,0,0,271.48822,3257853.1834281115,263004149.26077184,1.5,268.9830335681847,271.7673407706462,265.1694994285939,274.52854222698846,,,,,,,,
1996-02-29,ALL_US,0,0,274.67175,3267311.647317388,263262348.04843953,1.5,270.68440309191476,273.7262000379083,273.03115409076,275.58902627326887,,,,,,,,
1996-03-31,ALL_US,0,0,276.6171,3277416.0073766974,263538249.48888844,1.5,274.71422407597254,277.16417102105953,277.52537124390483,279.2251098678735,,,,,,,,
1996-04-30,ALL_US,0,0,283.40314,3287188.1120671816,263805148.40271226,1.5,281.86641624235085,284.41536818110455,282.48160749221927,282.8962515694654,,,,,,,,
1996-05-31,ALL_US,0,0,289.11096,3297279.4350348734,264080838.05083272,1.5,289.6278401651996,288.869664510144,287.56613106260505,285.9621443706306,,,,,,,,
1996-06-30,ALL_US,0,0,294.12646,3307038.923185084,264347532.00433877,1.5,294.1234301749118,293.46247705593834,293.15275798171456,290.9076480340856,,,,,,,,
1996-07-31,ALL_US,0,0,296.31516,3316696.1291766213,264623108.14930692,1.5,296.5272801731899,295.33005908453174,297.30567081484975,295.4604360485382,,,,,,,,
1996-08-31,ALL_US,0,0,295.69083,3325447.938140722,264898786.45489407,1.5,297.78944097769664,296.6371867058729,296.79698382648303,295.3720068767416,,,,,,,,
1996-09-30,ALL_US,0,0,290.64044,3333054.9266512603,265165669.28641313,1.5,291.04832672172387,292.5174514509726,292.2226061185957,291.2910791220587,,,,,,,,
1996-10-31,ALL_US,0,0,285.12555,3340024.2272756044,265441548.83263198,1.5,285.4139988475567,285.6565908965881,284.66049614676604,286.24626657273564,,,,,,,,
1996-11-30,ALL_US,0,0,276.9437,3345906.2077154117,265708626.41314945,1.5,277.85974508423294,279.0198412176288,278.5595474220272,277.04660892558775,,,,,,,,
1996-12-31,ALL_US,0,0,273.84045,3351093.0,265984707.2,1.5,270.94979424493897,271.3928200095218,270.75938479088506,271.36926309630024,,,,,,,,
1997-01-31,ALL_US,0,0,271.41846,3355373.9273906136,266260890.25667968,1.5,268.2119032900893,270.6397340816474,272.79334653365044,270.4505819178813,,,,,,,,
1997-02-28,ALL_US,0,0,275.05927,3358461.9612851297,266510433.82387736,1.5,271.81480448433524,275.72539611113746,272.5827264193124,273.6849007184379,,,,,,,,
1997-03-31,ALL_US,0,0,279.7068,3361018.8232323728,266786811.52313522,1.5,278.86164598284404,277.8870331194763,276.99013289328775,276.35291836418037,,,,,,,,
1997-04-30,ALL_US,0,0,281.65216,3362630.7017265973,267054371.18723884,1.5,283.6423526864763,282.4105877652188,282.056598543352,279.64190790385226,,,,,,,,
1997-05-31,ALL_US,0,0,288.2208,3363405.055334084,267330950.12712845,1.5,288.5603521584311,287.44792382185506,290.37333310656464,286.1679761756654,,,,,,,,
1997-06-30,ALL_US,0,0,293.2948,3363291.925757577,267598704.54023048,1.5,293.96914974987857,292.6123526593002,294.50416971062504,292.76970769123864,,,,,,,,
1997-07-31,ALL_US,0,0,295.93402,3363091.2110378705,267875441.55848113,1.5,296.58084262671974,296.2862049398001,297.81952432306736,295.74144858257,,,,,,,,
1997-08-31,ALL_US,0,0,295.19116,3363765.824143658,268152185.63165852,1.5,295.99839510381577,296.3017431092694,296.6637804914632,296.04416463828596,,,,,,,,
1997-09-30,ALL_US,0,0,292.1751,3365254.0918951174,268420009.08764595,1.5,292.3144267522001,290.7046345852572,291.74406967282914,292.6655991474844,,,,,,,,
1997-10-31,ALL_US,0,0,285.08194,3367655.232142346,268696766.8235092,1.5,286.08731650229237,283.7229471773358,285.0785832827334,284.8262681108172,,,,,,,,
1997-11-30,ALL_US,0,0,277.72043,3370814.33261133,268964603.5014507,1.5,278.9370160036565,275.5396506478295,276.0392489416984,277.26749714933635,,,,,,,,
1997-12-31,ALL_US,0,0,273.61273,3374942.0,269241374.8999999,1.5,273.0196877458162,270.24233008248694,272.2473911118283,271.1311272474469,,,,,,,,
1998-01-31,ALL_US,0,0,274.2733,3379947.0828212057,269518153.2418813,1.5,271.8285582870315,268.97623476307183,271.7402241043189,269.6368097111639,,,,,,,,
1998-02-28,ALL_US,0,0,276.4022,3385221.9600699903,269768152.55087763,1.5,273.181683251101,273.9701419234495,275.21965453325413,270.7096327709565,,,,,,,,
1998-03-31,ALL_US,0,0,277.66742,3391896.9625853775,270044944.10748804,1.5,274.8317314229661,277.6898017513156,276.489528980783,278.0578296095538,,,,,,,,
1998-04-30,ALL_US,0,0,283.4346,3399192.05879774,270312813.5151848,1.5,282.165471782119,281.31201659706795,284.05974123425756,280.13068021291383,,,,,,,,
1998-05-31,ALL_US,0,0,289.95822,3407593.588454569,270589618.7344812,1.5,287.06210609778395,286.9545449661173,289.47325889247253,287.84696906802594,,,,,,,,
1998-06-30,ALL_US,0,0,293.05264,3416559.5173844555,270857501.3641321,1.5,292.57499923418504,292.69086923082443,292.31642513949447,291.9858766994366,,,,,,,,
1998-07-31,ALL_US,0,0,297.19815,3425999.2349658315,271134251.9332305,1.5,296.94124364363876,296.032513710954,297.44792137185703,296.9173720577811,,,,,,,,
1998-08-31,ALL_US,0,0,296.45895,3434797.908673067,271410858.7491271,1.5,296.77496341144365,295.2131640634913,297.403171464536,295.67125901754093,,,,,,,,
1998-09-30,ALL_US,0,0,293.65576,3442700.7005556296,271678405.72414935,1.5,293.0669789224161,289.7032320672434,292.70601490573614,291.11556831499365,,,,,,,,
1998-10-31,ALL_US,0,0,285.67014,3450234.4634056906,271954729.3232987,1.5,285.68339196419845,283.2294317911046,287.95886154565795,285.2811291019601,,,,,,,,
1998-11-30,ALL_US,0,0,279.88467,3456913.1480071153,272222002.21759784,1.5,275.1461225085434,277.719627614993,279.9209731284544,276.98222645547196,,,,,,,,
1998-12-31,ALL_US,0,0,274.49106,3463182.0,272498042.6,1.5,269.7017422929893,271.1335879835232,272.17739985519296,271.99210183907945,,,,,,,,
1999-01-31,ALL_US,0,0,273.56915,3468808.0284425174,272773939.0525799,1.5,266.6532519804313,271.70468125771714,270.72705483663646,270.2002908604388,,,,,,,,
1999-02-28,ALL_US,0,0,276.92407,3473337.081965411,273023012.1377058,1.5,267.0739228188354,273.8139404530716,270.51432044710054,271.34886789998984,,,,,,,,
1999-03-31,ALL_US,0,0,278.80472,3477739.6720378725,273298634.6593334,1.5,275.44957571381974,278.0761507343647,278.07295754088835,276.0072732001393,,,,,,,,
1999-04-30,ALL_US,0,0,283.59402,3481388.1894351705,273565229.09151477,1.5,282.8549590689001,282.208408339317,282.9430608196644,278.88125218089397,,,,,,,,
1999-05-31,ALL_US,0,0,288.60303,3484525.868650457,273840568.39639527,1.5,287.43171564526887,288.1642339994934,287.6955538578917,286.8279179875854,,,,,,,,
1999-06-30,ALL_US,0,0,293.2774,3486950.2787666162,274106888.74785346,1.5,293.37030669307575,292.93643625869777,293.3454378847017,291.5838398459621,,,,,,,,
1999-07-31,ALL_US,0,0,296.6845,3489602.585419725,274382397.8755602,1.5,297.3158307750476,296.2122753470802,297.39093364019993,296.5954832767204,,,,,,,,
1999-08-31,ALL_US,0,0,295.94064,3493331.7107423176,274658762.4675514,1.5,296.2172673663131,295.98782933421523,297.31774024189053,296.710404799824,,,,,,,,
1999-09-30,ALL_US,0,0,291.10455,3497967.735493567,274927027.70389646,1.5,294.2997314983319,291.83826670083454,292.8340557477362,292.0233614197758,,,,,,,,
1999-10-31,ALL_US,0,0,285.65778,3503819.727990224,275205077.9336849,1.5,285.9147064628102,286.1715383984325,285.90012961262147,283.8405947506336,,,,,,,,
1999-11-30,ALL_US,0,0,281.76443,3510510.1403292776,275474974.43241423,1.5,277.0190728574177,277.76299716637146,278.101426037796,277.6474101807044,,,,,,,,
1999-12-31,ALL_US,0,0,275.0389,3518485.0,275754710.29999995,1.5,272.1436800695721,273.86076849297604,271.129152402183,272.4753222661482,,,,,,,,
2000-01-31,ALL_US,0,0,273.6414,3527538.6938083614,276035302.8031875,1.5,265.30821771302305,272.58344555700387,268.81789570564484,272.12987087322216,,,,,,,,
2000-02-29,ALL_US,0,0,277.03757,3536984.954405096,276298568.0824166,1.5,270.4561244572127,272.40576393103714,271.96905091899686,274.67561398649184,,,,,,,,
2000-03-31,ALL_US,0,0,280.47794,3548126.7142863083,276580818.58999485,1.5,276.1804877373398,275.3977212240651,278.84536092601456,277.556666004283,,,,,,,,
2000-04-30,ALL_US,0,0,284.37,3559936.256352351,276854779.87368214,1.5,282.45030784958004,282.13212670222794,284.1014703194292,281.53660687779757,,,,,,,,
2000-05-31,ALL_US,0,0,290.37253,3573200.8834076277,277138716.0190576,1.5,289.72536571622567,288.0555901005003,287.80643085272334,286.33628797416355,,,,,,,,
2000-06-30,ALL_US,0,0,293.67123,3587064.8130614753,277414308.5651293,1.5,294.8836622497928,292.7665268319493,292.59243024614955,292.1230601842072,,,,,,,,
2000-07-31,ALL_US,0,0,296.52563,3600970.0449404293,277696953.1539535,1.5,299.29105963997586,296.21029081442333,296.05696065326055,294.94646320902723,,,,,,,,
2000-08-31,ALL_US,0,0,296.61887,3612790.3043180285,277974099.7224426,1.5,297.64032149987,296.6060437431422,297.29676230794564,295.3106458592957,,,,,,,,
2000-09-30,ALL_US,0,0,291.73172,3622242.5253541437,278237068.08172876,1.5,293.57710517114305,291.63549243658343,291.43766699181924,291.7584323140107,,,,,,,,
2000-10-31,ALL_US,0,0,285.69037,3629956.856117847,278503389.45576423,1.5,285.9148803856084,285.9466581050194,285.72030238901306,282.830250983155,,,,,,,,
2000-11-30,ALL_US,0,0,275.85013,3635435.597850192,278755881.82041794,1.5,276.76229976057357,276.47496749143727,280.15112694984606,278.6400853654282,,,,,,,,
2000-12-31,ALL_US,0,0,270.5281,3639043.9999999995,279011377.99999994,1.5,270.77168517108396,271.6068692904299,273.2879017528144,273.96256589875344,,,,,,,,
2001-01-31,ALL_US,0,0,272.1894,3640565.782690286,279261372.85125303,1.5,269.9202141824591,269.8450676016316,272.07213444725016,270.18656420566475,,,,,,,,
2001-02-28,ALL_US,0,0,273.4901,3640146.8021508525,279482446.1433322,1.5,271.4786553912735,273.09695907612,276.3769079478093,275.0829590231934,,,,,,,,
2001-03-31,ALL_US,0,0,277.898,3637697.2768375343,279721970.72454,1.5,278.8323945986875,280.516341385381,280.74411962097804,275.11453947223345,,,,,,,,
2001-04-30,ALL_US,0,0,284.5216,3633340.0288179223,279948530.7090378,1.5,281.2884725012749,284.01467602565793,283.3405925919849,281.12194979738564,,,,,,,,
2001-05-31,ALL_US,0,0,290.29297,3626784.574890709,280177230.0957921,1.5,286.5474020276443,288.17658769341733,291.00613223106996,286.0263636745293,,,,,,,,
2001-06-30,ALL_US,0,0,293.88968,3618453.8475673264,280393314.0856575,1.5,293.2047902561243,293.3190315143107,294.43932841604106,292.5714068065121,,,,,,,,
2001-07-31,ALL_US,0,0,296.79285,3609848.138585823,280614105.4186646,1.5,295.6038433633125,297.12041144500796,298.5557385618419,296.55976280712093,,,,,,,,
2001-08-31,ALL_US,0,0,296.7309,3603690.5752307586,280835830.56367165,1.5,295.95277828717514,295.853659054871,297.44028636221964,296.18568280874786,,,,,,,,
2001-09-30,ALL_US,0,0,291.89523,3600067.6641318174,281051299.5791919,1.5,292.2700041258185,290.9193025092489,293.32894457122717,291.5930511294602,,,,,,,,
2001-10-31,ALL_US,0,0,285.5062,3598737.877882402,281274877.0662598,1.5,284.54721817044276,284.7715035099391,284.9023755616569,283.6089251122954,,,,,,,,
2001-11-30,ALL_US,0,0,281.39746,3599787.0091437656,281492138.67087114,1.5,277.2939959875333,278.42398237906434,279.2926939511686,279.83796396715553,,,,,,,,
2001-12-31,ALL_US,0,0,274.86478,3603285.0,281717568.5,1.5,272.4950511585583,273.6536660642425,275.5034022233652,271.02177157533515,,,,,,,,
2002-01-31,ALL_US,0,0,274.15912,3609236.4513525474,281943939.6832909,1.5,267.11808281594335,271.72187770336313,269.24031429026644,269.74270409964856,,,,,,,,
2002-02-28,ALL_US,0,0,275.09158,3616720.7574336785,282149213.09185946,1.5,274.1298549084346,275.5893844394689,271.3720298823699,271.33299125984865,,,,,,,,
2002-03-31,ALL_US,0,0,276.92166,3627341.69811792,282377375.8846846,1.5,276.2622255558379,277.3364507675631,276.5756637907755,274.0375200965878,,,,,,,,
2002-04-30,ALL_US,0,0,284.79602,3639956.0489925006,282599074.8819643,1.5,281.3895823433805,284.0962781734113,283.2023606100572,279.04822088958815,,,,,,,,
2002-05-31,ALL_US,0,0,288.23392,3655404.7667823927,282829090.0168504,1.5,289.29817594051457,288.84433745114757,288.87491579882806,286.7388756705637,,,,,,,,
2002-06-30,ALL_US,0,0,294.85797,3672691.160017279,283052581.60322124,1.5,294.03697932010175,293.0175123857214,293.7577497958822,292.618546577817,,,,,,,,
2002-07-31,ALL_US,0,0,297.67612,3690789.1093956335,283283956.38337386,1.5,297.68004877958947,297.9194278235759,298.2517070979301,294.4775849029717,,,,,,,,
2002-08-31,ALL_US,0,0,295.9079,3706534.7016815427,283515185.64073265,1.5,296.8749441046743,298.4066410335865,297.3999670074228,296.05002383289394,,,,,,,,
2002-09-30,ALL_US,0,0,292.56912,3719527.251423729,283738816.1198323,1.5,292.07648870122046,294.08589072556805,294.18327979078873,291.4824983421217,,,,,,,,
2002-10-31,ALL_US,0,0,283.88278,3730632.928605006,283969756.5192794,1.5,285.84808242465846,285.56046535277505,285.7352036463346,284.8692064120298,,,,,,,,
2002-11-30,ALL_US,0,0,278.2654,3739135.2379233553,284193107.45846456,1.5,274.7161126441148,276.3818252566866,277.96750468311046,278.6895171177181,,,,,,,,
2002-12-31,ALL_US,0,0,274.45337,3745601.0,284423759.0,1.5,270.32606433166984,268.9886893542419,273.7695117490082,272.8077329471231,,,,,,,,
2003-01-31,ALL_US,0,0,273.03998,3749708.7724333075,284654263.7448919,1.5,271.8736190646063,269.683780021634,267.99054090305185,268.41377446646663,,,,,,,,
2003-02-28,ALL_US,0,0,273.1842,3751392.2761031445,284862335.404141,1.5,272.0872621378095,274.83043993373565,273.48790114549064,273.1625005200733,,,,,,,,
2003-03-31,ALL_US,0,0,278.9558,3751012.261795906,285092560.7618724,1.5,274.19006845353437,277.6142750214188,277.2164194215273,276.8853514887175,,,,,,,,
2003-04-30,ALL_US,0,0,284.08957,3748399.3858027887,285315219.7252036,1.5,281.1833366066277,279.9699319843489,283.2685697096603,281.0269202856576,,,,,,,,
2003-05-31,ALL_US,0,0,289.12073,3743379.4563909187,285545156.2250233,1.5,288.3551814742705,287.468434083874,289.42992445883215,286.96025914572095,,,,,,,,
2003-06-30,ALL_US,0,0,293.25238,3736276.3399739633,285767535.64843994,1.5,293.39169913901367,292.01480237096433,294.83942403164696,291.2686589586031,,,,,,,,
2003-07-31,ALL_US,0,0,297.55487,3728374.0328880018,285997222.33040744,1.5,297.8723447814579,296.1503254813098,297.05389316900147,295.46768847098053,,,,,,,,
2003-08-31,ALL_US,0,0,296.9169,3721990.8203095603,286226848.337138,1.5,296.5252890574644,296.1402221614581,297.9372492670608,296.5395369592001,,,,,,,,
2003-09-30,ALL_US,0,0,291.54184,3717264.224661143,286449009.3785268,1.5,293.7879038872779,292.26751905223796,293.59574250396537,292.3570961731771,,,,,,,,
2003-10-31,ALL_US,0,0,286.74936,3713879.1395661887,286678516.1906665,1.5,285.1257832397966,286.0485844936529,287.6111956237036,285.6263322409189,,,,,,,,
2003-11-30,ALL_US,0,0,278.46838,3712053.957611467,286900561.8824512,1.5,279.31753867938096,277.7391892301901,280.21283733488997,279.59038844867325,,,,,,,,
2003-12-31,ALL_US,0,0,274.629,3711667.0000000005,287129949.5,1.5,273.33583132584664,271.02167453537777,274.2473731139021,272.97785597897115,,,,,,,,
2004-01-31,ALL_US,0,0,271.5234,3712803.680945713,287359276.5432485,1.5,271.5090473172111,272.5209745654628,267.7826943660559,272.15685816188653,,,,,,,,
2004-02-29,ALL_US,0,0,273.6284,3715246.388245343,287573753.4550477,1.5,271.78822113712977,273.41933377818253,272.9720631762252,272.82761298379904,,,,,,,,
2004-03-31,ALL_US,0,0,281.26486,3719332.047043667,287802963.2577151,1.5,275.83009817934845,279.34573084151975,277.9665680405532,276.88217519816413,,,,,,,,
2004-04-30,ALL_US,0,0,284.64194,3724736.617243732,288024721.52097815,1.5,282.20941159553274,281.8480176722472,285.0545953114829,281.3143417981787,,,,,,,,
2004-05-31,ALL_US,0,0,289.81256,3731820.4035255415,288253812.12905455,1.5,287.13490854850136,287.8041425720223,289.1113778170294,286.40718850526184,,,,,,,,
2004-06-30,ALL_US,0,0,293.29785,3740126.3874193025,288475455.0427135,1.5,294.2152365881719,293.4285672761603,294.40576068636307,292.11048803536266,,,,,,,,
2004-07-31,ALL_US,0,0,296.07727,3749540.5767201083,288704494.07436866,1.5,297.44783184491183,296.5114816972502,298.36715048257327,295.7331398407772,,,,,,,,
2004-08-31,ALL_US,0,0,294.52075,3759053.183804442,288933616.85895014,1.5,296.9261571320843,297.5680373253596,297.99764709852786,296.4448376477745,,,,,,,,
2004-09-30,ALL_US,0,0,292.0045,3768351.93303145,289155428.4014408,1.5,292.0227521034218,293.4778574075716,293.561673305518,292.8673774294692,,,,,,,,
2004-10-31,ALL_US,0,0,286.01062,3778056.7410162636,289384716.1380065,1.5,285.94853526790115,286.9244671574776,286.66380390845615,286.4706412098864,,,,,,,,
2004-11-30,ALL_US,0,0,279.44763,3787541.4911147044,289606687.3114498,1.5,279.0896037599632,279.6715376864842,280.3167881869355,279.87453061299215,,,,,,,,
2004-12-31,ALL_US,0,0,274.45386,3797438.4999999995,289836140.0,1.5,272.27796443156984,271.82450870679264,274.5154149709844,275.28846750829547,,,,,,,,
2005-01-31,ALL_US,0,0,273.21417,3807433.184752751,290065676.51660776,1.5,269.1540199071871,268.9614928265548,272.5008619136273,272.0338512910947,,,,,,,,
2005-02-28,ALL_US,0,0,275.96225,3816544.5964404815,290273071.8739346,1.5,271.5688354882919,275.95984020611945,275.31561103122493,273.8585827769269,,,,,,,,
2005-03-31,ALL_US,0,0,278.7137,3826725.1804248453,290502767.93426496,1.5,278.71024544287104,279.4659237597191,276.29494466904225,274.15859758822444,,,,,,,,
2005-04-30,ALL_US,0,0,284.48563,3836670.3589099464,290725134.2597383,1.5,282.74915563595414,283.2053462769437,282.5206067943476,279.9137864791357,,,,,,,,
2005-05-31,ALL_US,0,0,288.59232,3847043.1437947913,290954995.27205306,1.5,289.18840227872107,289.120232634364,288.7084919182383,286.0852529745866,,,,,,,,
2005-06-30,ALL_US,0,0,294.08926,3857174.3231513253,291177521.228479,1.5,292.8199755118886,294.3508795256105,294.71458888473256,292.22129577796994,,,,,,,,
2005-07-31,ALL_US,0,0,297.61578,3867194.460778874,291407501.88610005,1.5,297.9883390981533,297.5295261039035,297.82635399397856,296.10333229705634,,,,,,,,
2005-08-31,ALL_US,0,0,296.25836,3876110.352698598,291637466.4263666,1.5,297.5391111373542,297.43606204137035,297.63011893425625,297.00790037405204,,,,,,,,
2005-09-30,ALL_US,0,0,292.99536,3883685.904952149,291859997.2982569,1.5,293.6622736964424,292.5273444034005,292.61596163510916,293.2936775297243,,,,,,,,
2005-10-31,ALL_US,0,0,286.03192,3890426.1543564284,292089929.89322996,1.5,287.2157177725856,285.2600080752181,287.3670697771384,287.9424994802576,,,,,,,,
2005-11-30,ALL_US,0,0,280.1302,3895896.246111163,292312429.85032016,1.5,277.68686530650643,279.3925439302674,278.6078186851927,278.27838219854596,,,,,,,,
2005-12-31,ALL_US,0,0,273.2597,3900460.853,292542330.5,1.5,269.3810519221199,274.7808268348817,272.02353229440877,271.14267421593877,,,,,,,,
2006-01-31,ALL_US,0,0,276.79117,3903919.805495743,292772214.91518646,1.5,267.164738796166,275.0057657202414,269.9350891910344,271.27154217846964,,,,,,,,
2006-02-28,ALL_US,0,0,274.3571,3906093.687116564,292979838.4975906,1.5,267.25236471816544,278.2357557139295,268.8489573656167,272.49537037204954,,,,,,,,
2006-03-31,ALL_US,0,0,278.88544,3907448.3296383535,293209692.0148704,1.5,273.66003348334857,279.5637549200708,274.6233020222943,273.81172928104246,,,,,,,,
2006-04-30,ALL_US,0,0,286.028,3907706.5437648706,293432115.44516057,1.5,281.81537741184104,284.01115400303684,281.01384853978755,279.7630919234325,,,,,,,,
2006-05-31,ALL_US,0,0,290.1798,3906885.5437712176,293661937.01714706,1.5,288.1803998983646,289.6791237587323,287.81333200924047,285.8972345358282,,,,,,,,
2006-06-30,ALL_US,0,0,295.055,3905038.2973989183,293884329.5326372,1.5,293.22352398426034,293.98717509607644,293.88360871167214,292.0838721107618,,,,,,,,
2006-07-31,ALL_US,0,0,298.22855,3903109.1967566465,294114132.6583457,1.5,296.81670561519775,298.8099442095002,297.2354084236319,295.49802245613284,,,,,,,,
2006-08-31,ALL_US,0,0,296.332,3902429.4127052934,294343949.3280555,1.5,296.70194926571594,297.9663538614146,297.32942240130893,296.1123503204868,,,,,,,,
2006-09-30,ALL_US,0,0,290.67978,3902963.70094276,294566365.48573065,1.5,292.7758765701624,291.98700086984076,293.17007777561207,290.64537702646044,,,,,,,,
2006-10-31,ALL_US,0,0,284.47986,3904747.680684877,294796208.8752162,1.5,286.3790558160835,287.76375118769744,286.78311973262663,285.8952998846882,,,,,,,,
2006-11-30,ALL_US,0,0,279.6628,3907666.2564644124,295018650.8907388,1.5,278.87161540145314,278.44854357413874,278.8953400597904,277.9002331931651,,,,,,,,
2006-12-31,ALL_US,0,0,275.36523,3911914.0,295248521.00000006,1.5,273.5663425155836,271.1575469472664,274.1766502456816,270.61272090948836,,,,,,,,
2007-01-31,ALL_US,0,0,272.38193,3917413.820217516,295478404.68816376,1.5,271.3940221632813,268.6090260630856,268.5904650008958,271.6527338551018,,,,,,,,
2007-02-28,ALL_US,0,0,273.15942,3923457.586386169,295686053.2391518,1.5,269.8184709930435,274.5947889453136,272.5330555974378,271.8043998689582,,,,,,,,
2007-03-31,ALL_US,0,0,281.63528,3931340.391256386,295915962.7710329,1.5,276.6043130413414,275.8701293596652,276.5422397081809,278.8009768805007,,,,,,,,
2007-04-30,ALL_US,0,0,283.50922,3940161.0558695653,296138468.79532564,1.5,283.65786631620296,283.9852182365314,282.71285764641124,281.9618662509657,,,,,,,,
2007-05-31,ALL_US,0,0,290.27448,3950507.6245332533,296368405.04698265,1.5,288.4574139028152,289.7262347240298,289.4570328781483,287.3064649676162,,,,,,,,
2007-06-30,ALL_US,0,0,294.60834,3961712.5766885,296590936.92912275,1.5,293.51470583139854,293.69612626313614,294.4510857319572,293.5016379681596,,,,,,,,
2007-07-31,ALL_US,0,0,297.31226,3973389.968237811,296820864.2131407,1.5,296.74727299704426,297.23861807357343,298.6234228490348,297.0171982723716,,,,,,,,
2007-08-31,ALL_US,0,0,297.10147,3983820.19681626,297050726.350506,1.5,297.250347637287,297.2764243639216,297.9314663973083,298.05860865894437,,,,,,,,
2007-09-30,ALL_US,0,0,292.53738,3992723.712177204,297273111.4640719,1.5,292.3998649881125,292.65592036225945,293.86466598312285,293.7610219549623,,,,,,,,
2007-10-31,ALL_US,0,0,286.88016,4000694.0820113732,297502845.2280761,1.5,284.76710135132214,286.701512223233,287.09273722949143,285.91303777557215,,,,,,,,
2007-11-30,ALL_US,0,0,279.65497,4007217.0889101108,297725106.1093569,1.5,278.6126623290242,276.42917388186765,278.92162548762207,278.48770335568423,,,,,,,,
2007-12-31,ALL_US,0,0,273.5777,4012727.6,297954711.5,1.5,268.6329262458463,273.75869905967255,275.06277463550845,274.0776911464146,,,,,,,,
2008-01-31,ALL_US,0,0,271.9264,4016988.0189411556,298184251.6517218,1.5,267.86032597746316,270.8129943636566,268.0501690352054,271.53532570456815,,,,,,,,
2008-02-29,ALL_US,0,0,274.27667,4019841.855006401,298398923.70014673,1.5,271.97333915754325,273.43616589304435,274.4467820116327,273.7541939920334,,,,,,,,
2008-03-31,ALL_US,0,0,278.5647,4021682.7407564623,298628337.58298874,1.5,276.60397036477684,278.2236635345533,279.169348490566,277.83595912855833,,,,,,,,
2008-04-30,ALL_US,0,0,283.41806,4022273.988864126,298850288.9018546,1.5,283.18022982148375,285.60878807766517,283.2657088670417,281.1019430291238,,,,,,,,
2008-05-31,ALL_US,0,0,288.56958,4021655.0158699066,299079574.4113354,1.5,288.24274582698143,289.01689361286327,289.62472926043597,286.60698143135613,,,,,,,,
2008-06-30,ALL_US,0,0,294.24902,4019865.7555153645,299301401.4979163,1.5,295.7898567799925,293.72936351729163,292.878607195154,292.5000137841795,,,,,,,,
2008-07-31,ALL_US,0,0,296.8918,4016942.1801032405,299530566.6315373,1.5,297.0258774913048,296.66749985595146,297.6120445776383,295.29255773597225,,,,,,,,
2008-08-31,ALL_US,0,0,295.89093,4013099.8985456834,299759683.5964594,1.5,297.3650926001912,296.4566373950592,297.36311348328644,296.2309171444561,,,,,,,,
2008-09-30,ALL_US,0,0,291.79202,4008506.9951870283,299981363.83698887,1.5,293.5844716158579,291.013795648275,293.68342020862275,292.18965469462984,,,,,,,,
2008-10-31,ALL_US,0,0,285.32877,4002857.2764700325,300210386.0358277,1.5,286.38750573102124,284.9356235279537,285.6543427349481,284.71804456299964,,,,,,,,
2008-11-30,ALL_US,0,0,279.60196,3996515.240376436,300431974.56724435,1.5,278.573242075617,278.2842469703373,280.19572725483255,275.4069490722815,,,,,,,,
2008-12-31,ALL_US,0,0,272.81982,3989058.0845,300660901.99999994,1.5,270.6049345557857,272.44099611536996,274.8592925684235,270.24358910285156,,,,,,,,
2009-01-31,ALL_US,0,0,272.10248,3980682.39498516,300889781.27294266,1.5,268.3437249844797,270.4506844245902,273.56898118414983,272.35414845890494,,,,,,,,
2009-02-28,ALL_US,0,0,275.48572,3972327.756812212,301096469.54444003,1.5,266.6708033704339,273.5086778511886,273.87049002400994,272.8705284426721,,,,,,,,
2009-03-31,ALL_US,0,0,278.99188,3962203.8903726693,301325257.15838414,1.5,276.90945663364164,278.5081377967572,278.3038622256812,278.02432892383376,,,,,,,,
2009-04-30,ALL_US,0,0,283.73016,3951532.033902414,301546618.67216086,1.5,282.54124562587475,283.65262629177363,283.10625888756397,280.3143592190785,,,,,,,,
2009-05-31,ALL_US,0,0,289.7581,3939600.730303431,301775311.5200218,1.5,288.45458242745366,288.378090921019,288.6328289891116,287.92163601659155,,,,,,,,
2009-06-30,ALL_US,0,0,293.5806,3927179.741098235,301996581.32468563,1.5,293.2088266096153,292.7594036114662,294.19888429526,292.5200953913821,,,,,,,,
2009-07-31,ALL_US,0,0,296.03168,3913441.0003398117,302225555.04239327,1.5,296.96325051411725,296.8640700075444,297.2841375056313,295.53179141905804,,,,,,,,
2009-08-31,ALL_US,0,0,295.54092,3898783.725942986,302455309.2438696,1.5,297.8785479789173,297.6991374476316,297.59861331689814,296.3833608988001,,,,,,,,
2009-09-30,ALL_US,0,0,292.48663,3883724.700481812,302678396.06870097,1.5,294.7540116077377,292.66888026116624,293.04570299883403,291.54125484193327,,,,,,,,
2009-10-31,ALL_US,0,0,283.34012,3867259.988925546,302909687.9718762,1.5,287.45979408442537,286.3546313804038,286.13775525185446,285.25843679615247,,,,,,,,
2009-11-30,ALL_US,0,0,280.48853,3850451.8307294305,303134262.89512587,1.5,279.06102483302084,276.36901805967983,280.17993442972335,278.2542093297533,,,,,,,,
2009-12-31,ALL_US,0,0,271.413,3832179.682013725,303367092.5,1.5,271.83235624537946,272.2416576011275,275.66067114896373,271.6359305036666,,,,,,,,
